AREA_NAME,LOCATION_NAME,count
BAYHEAD CONT.AREA,DURBAN SDG.NEWLYN GROUP CONTAI,1440
BAYHEAD CONT.AREA,BAYHEAD,47
BELCON CONT.AREA,TABLE BAY HARBOUR G BERTH,1559
BELCON CONT.AREA,BELCON,303
BELLVILLE AREA,SALDANHA SDG.SEAWIND INVESTMEN,822
BELLVILLE AREA,DE HOEK SDG.PRETORIA PORTLAND CEMENT,469
BELLVILLE AREA,NUWELAND SDG.THE SOUTH AFRICAN,95
BELLVILLE AREA,MALMESBURY SDG.PIONEER FOODS PTY LTD,91
BELLVILLE AREA,MALMESBURY,80
BELLVILLE AREA,CALEDON SDG.S. A BREWERIES LIM,74
BELLVILLE AREA,PAARDENEILAND SDG.FRESH PRODUCE TERMINAL,62
BELLVILLE AREA,BELLVILLE SDG.CONSOL LIMITED,43
BELLVILLE AREA,BITTERFONTEIN,37
BELLVILLE AREA,BELLVILLE SITE SCRAP CONTAINERS,29
BELLVILLE AREA,KALBASKRAAL,22
BELLVILLE AREA,MULDERSVLEI,22
BELLVILLE AREA,KLAWER,20
BELLVILLE AREA,KLIPDALE SDG.OVERBERG AGRI BEDRYWE,15
BELLVILLE AREA,BELLVILLE DEPT.SIDING 8024,7
BELLVILLE AREA,BELLVILLE SDG.TONGAAT HULLETT STARCH,6
BELLVILLE AREA,TABLE BAY HARBOUR,5
BELLVILLE AREA,BELLVILLE DEPT.SIDING 8792,3
BELLVILLE AREA,PROTEM SDG.OVERBERG AGRI BEDRY,3
BELLVILLE AREA,RIETPOEL,2
BELLVILLE AREA,RIETPOEL SDG.OVERBERG AGRI BEDRYWE,2
BELLVILLE AREA,MELLISH,2
BETHLEHEM AREA,FICKSBURG SDG.LESOTHO MILLING COMPANY,13
BETHLEHEM AREA,ARLINGTON,11
BETHLEHEM AREA,HARRISMITH,10
BETHLEHEM AREA,REITZ SDG.VRYSTAAT KOOPERASIE,10
BETHLEHEM AREA,MONTEVIDEO SDG.AFGRI OPERATIONS LTD,7
BETHLEHEM AREA,DANIELSRUS SDG.XSTRATA SOUTH AFRICA,5
BLOEMFONTEIN AREA,MASERU,388
BLOEMFONTEIN AREA,MASERU SDG.LESOTHO FLOUR MILLS,145
BLOEMFONTEIN AREA,BLOEMFONTEIN SDG.AFRISAM SOUTH AFRICA LT,97
BLOEMFONTEIN AREA,SPRINGFONTEIN,20
BLOEMFONTEIN AREA,BLOEMFONTEIN WORKSHOP,1
BLOEMFONTEIN AREA,DONKERPOORT,1
BLOEMFONTEIN AREA,BLOEMFONTEIN,1
BLOEMFONTEIN AREA,BLOEMFONTEIN DEPT.SIDING SM TRANSPORT,1
BLOEMFONTEIN CONT.AREA,BLOEMCON CONTAINER TERMINAL NE,46
BLOEMFONTEIN CONT.AREA,BLOEMFONTEIN OORSLAG,2
CITY DEEP CONT.AREA,CITY DEEP,33
DE AAR AREA,DRAGHOENDER,2
DE AAR AREA,PRIESKA SDG.GRIEKWALAND WES KO,2
DE AAR AREA,UPINGTON,2
DE AAR AREA,DE AAR DEPT.SIDING 8161,1
DEAL PARTY CONT.AREA,NGQURA PORT TERMINAL,101
DEAL PARTY CONT.AREA,PORT ELIZABETH,1
DURBAN AREA,UMKOMAAS SDG.SAPPI SAICCOR,9782
DURBAN AREA,WESTS SDG.BULK CONNECTIONS,6574
DURBAN AREA,MOUNT VERNON SDG.NPC CIMOR PTY LTD,3212
DURBAN AREA,ISLAND VIEW SDG.SOUTH AFRICAN,2498
DURBAN AREA,ROSSBURGH SDG.HULETT REFINERIE,2346
DURBAN AREA,UMTENTWENI SDG.NPC CIMCOR PTY LTD 2,1180
DURBAN AREA,MEREBANK SDG.ENGEN PETROLEUM,671
DURBAN AREA,DURBAN DEPT.SIDING ACCESS FREI,568
DURBAN AREA,GLEDHOW SDG.SAPPI FINE PAPERS,317
DURBAN AREA,ISIPINGO SITE CAR TRAIN,247
DURBAN AREA,MEREBANK SDG.LANXESS,206
DURBAN AREA,ISLAND VIEW SDG.TOTAL S.A,174
DURBAN AREA,GLEDHOW SDG.USHUKELA,100
DURBAN AREA,ISLAND VIEW SDG.ISLAND VIEW HOLDINGS 1,65
DURBAN AREA,ISLAND VIEW SDG.SHELL SOUTH AFRICA 1,59
DURBAN AREA,MONTCLAIR SDG.MONDI PAPER CO.LTD,48
DURBAN AREA,UMTENTWENI SDG.NPC CIMCOR PTY LTD,40
DURBAN AREA,UMBOGINTWINI SDG.HEARTLANDS LEASING LTD,17
DURBAN AREA,DURBAN BULK SERVICES,5
DURBAN AREA,BAYHEAD YARD,5
DURBAN AREA,FYNNLAND SDG.VOPAK TERMINAL DURBAN,3
DURBAN AREA,MEREBANK SDG.SHELL & BP PETROL REFIN.,3
DURBAN AREA,FYNNLAND,2
DURBAN AREA,WENTWORTH LOCOMOTIVE DEPOT,2
DURBAN AREA,STANGER,1
DURBAN AREA,FYNNLAND SDG.ENGEN PETROLEUM LTD,1
DURBAN AREA,DURBAN DEPT.SDG.TRANSWERKE,1
DURBAN AREA,FYNNLAND TANK CLEANOUT SIDING,1
DURBAN HARBOUR AREA,DURBAN HARBOUR (SDG) 3,1465
DURBAN HARBOUR AREA,MAYDON WHARF SDG.S.A SUGAR TER,770
DURBAN HARBOUR AREA,MAYDON WHARF SDG.SOUTH AFRICAN,708
DURBAN HARBOUR AREA,MAYDON WHARF SDG.NCT DURBAN WOOD CHIPS,523
DURBAN HARBOUR AREA,MAYDON WHARF BERTH 9,481
DURBAN HARBOUR AREA,MAYDON WHARF SDG.GRINROD INTER,392
DURBAN HARBOUR AREA,MAYDON WHARF DEPT.SIDING FREIGHTMAX,105
DURBAN HARBOUR AREA,DURBAN HARBOUR SDG.FRESH PRODUCE TERMINA,62
DURBAN HARBOUR AREA,MAYDON WHARF SDG.AFRICAN OXYGE,47
DURBAN HARBOUR AREA,MAYDON WHARF SDG.ENSIMBINI TER,14
DURBAN HARBOUR AREA,MAYDON WHARF SDG.GRINROD TERMI,5
DURBAN HARBOUR AREA,MAYDON WHARF SDG.BIDFREIGHT PORT OPER.,2
EAST LONDON AREA,UMTATA,36
EAST LONDON AREA,QUEENSTOWN SDG. AFRISAM S.A,26
EAST LONDON AREA,STERKSTROOM,20
EAST LONDON AREA,CHISELHURST SDG.AFRISAM SOUTH AFRICA LTD,15
EAST LONDON AREA,CAMBRIDGE DEPT.SIDING PERWAY INSPECTOR,1
ERMELO AREA,RIETKUIL SDG.MAFUBE COLLIERY,500
ERMELO AREA,CAROLINA SDG. DROOGVALLEI RAIL,300
ERMELO AREA,PULLENS HOPE SDG.WOESTALLEEN C,200
ERMELO AREA,LOTHAIR,120
ERMELO AREA,WITRAND SDG.XSTRATA SOUTH AFRI,100
ERMELO AREA,WITRAND SDG.NORTHERN COAL PTY,80
ERMELO AREA,WONDERFONTEIN SDG.IZIMBIWA COA,40
ERMELO AREA,VOORSLAG SDG.XSTRATA SOUTH AFR,40
ERMELO AREA,ERMELO LOKO/DEPOT,39
ERMELO AREA,RIETVLEIRUS (SDG),29
ERMELO AREA,ERMELO YARD,17
ERMELO AREA,PULLENS HOPE,6
ERMELO AREA,ERMELO YARD SDG.FORZANDO,2
ISANDO AREA,ISANDO SDG.A.E.C.I LIMITED,1524
ISANDO AREA,KAALFONTEIN SITE CAR TRAIN,1084
ISANDO AREA,ELANDSFONTEIN SDG.CHEVRON S.A,99
ISANDO AREA,GERMISTON SDG.ILLOVO SUGAR LTD,49
ISANDO AREA,GERMISTON SDG.TONGAAT HULLETT,17
ISANDO AREA,KAALFONTEIN SDG.AFGRI OPERATIO,9
JOHANNESBURG AREA,NATALSPRUIT SDG.NZENGA INVESTM,458
JOHANNESBURG AREA,JUPITER SDG.PRETORIA PORTLAND,435
JOHANNESBURG AREA,NATALSPRUIT SDG.SOUTHERN ASS.M,426
JOHANNESBURG AREA,KLIPRIVIER SDG.EVERITE BUILDIN,166
JOHANNESBURG AREA,UNION SDG.SCAW METALS,164
JOHANNESBURG AREA,ROOIKOP SDG.AFRICAN OXYGEN LIMITED,53
JOHANNESBURG AREA,NATALSPRUIT SDG.BOTSWANA ASH,35
JOHANNESBURG AREA,SPRUYTSRUS,22
JOHANNESBURG AREA,STANDERTON,13
JOHANNESBURG AREA,NATALSPRUIT SDG.PUREGAS PTY LTD,6
JOHANNESBURG AREA,HEIDELBERG GAUTENG,3
JOHANNESBURG AREA,NATALSPRUIT,2
JOHANNESBURG AREA,NATALSPRUIT SDG.SHELL S.A MARKETING,1
KASCON CONT.ARE,KAZCON CX,1117
KIMBERLEY AREA,MODDERRIVIER SDG.GWK BEPERK,406
KIMBERLEY AREA,BEACONSFIELD DEPT.SIDING VAE S.A PTY LTD,126
KIMBERLEY AREA,ULCO SDG.AFRISAM SOUTH AFRICA,126
KIMBERLEY AREA,BELMONT,98
KIMBERLEY AREA,LIME ACRES SDG.PPC CEMENT LIMI,25
KIMBERLEY AREA,BEACONSFIELD DEPT.SIDING RAIL 2 RAIL,21
KIMBERLEY AREA,DOUGLAS SDG.HIGHVELD STEEL AND,17
KIMBERLEY AREA,MACFARLANE,16
KIMBERLEY AREA,BEACONSFIELD,15
KIMBERLEY AREA,KOOPMANSFONTEIN,12
KIMBERLEY AREA,BEACONSFIELD SDG.EASIGAS PTY L,5
KINGS REST AREA,KING'S REST PORTNET CONT.DNR,1963
KINGS REST AREA,KING'S REST PIER 1,1507
KINGS REST AREA,KING'S REST BUFFER STACK,35
KINGS REST AREA,KING'S REST SDG.S.A CONTAINER DEPOTS,24
KROONSTAD AREA,ROOIWAL SDG.SENWES BEPERK,37
KROONSTAD AREA,GUNHILL SDG.SHELL S.A,27
KROONSTAD AREA,WESSELSBRON,20
KROONSTAD AREA,FRIEDESHEIM SDG.HARMONY GOLD MINING CO L,7
KROONSTAD AREA,GUNHILL SDG.ENGEN PETROLEUM LI,6
KROONSTAD AREA,KROONSTAD SDG.SENWES BEPERK 1,6
KROONSTAD AREA,KROONSTAD REPAIR SIDING,1
KROONSTAD AREA,WESSELSBRON SDG.OMNIA GROUP PT,1
KRUGERSDORP AREA,ROBINSON SDG.TIGER MILLING AND FEEDS,223
KRUGERSDORP AREA,TARLTON DEPT.SIDING PETRONET,17
KRUGERSDORP AREA,SYFERBULT,17
KRUGERSDORP AREA,ROODEPOORT SDG.AFRISAM SOUTH AFRICA LTD,14
KRUGERSDORP AREA,KRUGERSDORP DEPT.SIDING 8297,9
LICHTENBURG AREA,RIETGAT SDG.AFRISAM SOUTH AFRI,890
LICHTENBURG AREA,SLURRY SDG.PRETORIA PORTLAND C,372
LICHTENBURG AREA,COLIGNY,43
LICHTENBURG AREA,LICHTENBURG SDG.LAFARGE SOUTH,22
LICHTENBURG AREA,SWARTRUGGENS,6
MASCON CONT.AREA,MASCON,256
NELSPRUIT AREA,NGODWANA SDG.SAPPI LIMITED,3125
NELSPRUIT AREA,PHALABORWA SDG.FOSKOR LIMITED,1597
NELSPRUIT AREA,PHALABORWA SDG.PHALABORWA MINI,1149
NELSPRUIT AREA,KOMATIPOORT SDG.TSB KOMATI MILL,237
NELSPRUIT AREA,WATERVAL BOVEN,197
NELSPRUIT AREA,KOMATIPOORT LOCO,161
NELSPRUIT AREA,KAAPMUIDEN,137
NELSPRUIT AREA,PHALABORWA SDG.FARMERS WORLD L,132
NELSPRUIT AREA,HAZYVIEW,114
NELSPRUIT AREA,NELSPRUIT SDG.MANGANESE METAL COMPANY,95
NELSPRUIT AREA,PHALABORWA,81
NELSPRUIT AREA,NELSPRUIT,37
NELSPRUIT AREA,MALELANE,21
NELSPRUIT AREA,AIRLIE,15
NELSPRUIT AREA,KOMATIPOORT,10
NELSPRUIT AREA,KOMATIPOORT TERREIN,10
NELSPRUIT AREA,NGODWANA,5
NELSPRUIT AREA,ROCKY DRIFT SDG.SHELL SOUTH AF,2
NELSPRUIT AREA,IMPALA,2
NELSPRUIT AREA,HOEDSPRUIT,1
NELSPRUIT AREA,KOMATIPOORT REPAIR DEPOT,1
NELSPRUIT AREA,GOEDGELUK,1
NELSPRUIT AREA,PHALABORWA OPERATIONAL,1
NELSPRUIT AREA,NELSPRUIT LOCO,1
NELSPRUIT AREA,NELSPRUIT SDG.TOTAL SOUTH AFRICA,1
NEWCASTLE AREA,NEWCASTLE SDG.ARCELORMITTAL S.A LTD,3080
NEWCASTLE AREA,NEWCASTLE SDG.NPC CIMCOR PTY LTD,1047
NEWCASTLE AREA,NGAGANE DEPT.SIDING OSHO SA ST,937
NEWCASTLE AREA,TALANA SDG.BUFFALO COAL PTY LT,199
NEWCASTLE AREA,ROOIPUNT SDG.KARBOCHEM,175
NEWCASTLE AREA,NEWCON,147
NEWCASTLE AREA,BALLENGEICH SDG.IZIMBIWA COAL,100
NEWCASTLE AREA,DANSKRAAL DEPT.SIDING 8450,75
NEWCASTLE AREA,ESTCOURT SDG.SASKO MILLS,49
NEWCASTLE AREA,PERDEKOP,42
NEWCASTLE AREA,ROOIPUNT SDG.KARBOCHEM 1,30
NEWCASTLE AREA,LADYSMITH SDG.TOTAL SOUTH AFRI,13
NEWCASTLE AREA,DANSKRAAL,9
NEWCASTLE AREA,MALONJENI,8
NEWCASTLE AREA,NEWCASTLE YARD,1
OGIES AREA,BROODSNYERSPLAAS SDG.MARTIN AN,487
OGIES AREA,BROODSNYERSPLAAS,200
OGIES AREA,VANDYKSDRIF SITE EXXARO COAL C,100
OGIES AREA,SAAIWATER SDG.GLENCORE OPERATI,76
OGIES AREA,BLINKPAN,2
PIETERMARITZBURG AREA,VICTORIA SDG.TIGER FOOD BRANDS,359
PIETERMARITZBURG AREA,CATO RIDGE SDG.ASSMANG CATO RI,113
PIETERMARITZBURG AREA,MOOIRIVIER,39
PIETERMARITZBURG AREA,CATO RIDGE,9
PIETERMARITZBURG AREA,LIDGETTON,5
PIETERMARITZBURG AREA,VICTORIA SDG.AFRISAM SOUTH AFRICA LTD,5
PIETERMARITZBURG AREA,VICTORIA,4
PIETERMARITZBURG AREA,MOLLISSIMA,1
PIETERMARITZBURG AREA,KLEINVELD,1
POLOKWANE AREA,PIENAARSRIVIER DEPT.SID VERGEN,136
POLOKWANE AREA,LOUIS TRICHARDT,36
POLOKWANE AREA,PIENAARSRIVIER,14
POLOKWANE AREA,POLOKWANE,12
POLOKWANE AREA,POLOKWANE DEPT.SIDING 8744,6
POLOKWANE AREA,BELA BELA,4
POLOKWANE AREA,TZANEEN OPERATIONAL,1
PORT ELIZABETH AREA,ALGOABAAI KANTELAAR,23279
PORT ELIZABETH AREA,ALGOABAAI SDG.FPT GROUP PTY LT,3470
PORT ELIZABETH AREA,ALOES SDG.NELSON MANDELA BAY M,1039
PORT ELIZABETH AREA,SWARTKOPS SDG.SWARTKOPS TERMIN,868
PORT ELIZABETH AREA,UITENHAGE,182
PORT ELIZABETH AREA,ALGOABAAI ANKERPLEK 1,113
PORT ELIZABETH AREA,COOKHOUSE,80
PORT ELIZABETH AREA,WITMOS,51
PORT ELIZABETH AREA,NEW BRIGHTON SDG.P.P CEMENT LI,40
PORT ELIZABETH AREA,ALGOABAAI ANKERPLEK 9,37
PORT ELIZABETH AREA,UITENHAGE DEPT.SIDING CROWN CH,36
PORT ELIZABETH AREA,NEW BRIGHTON SDG.MEADOW FEEDS MILLS CAPE,19
PORT ELIZABETH AREA,UITENHAGE HERSTELDEPOT,15
PORT ELIZABETH AREA,REDHOUSE SDG.SOUTH AFRICAN BREWERIES,11
PORT ELIZABETH AREA,ALGOABAAI,10
PORT ELIZABETH AREA,ALICEDALE,1
POSTMASBURG AREA,BEESHOEK SDG.ASSOCIATED MANAGANESE MINES,4811
POSTMASBURG AREA,HOTAZEL SDG.ASSOCIATED MANAGAN,3490
POSTMASBURG AREA,HOTAZEL SDG. KUDUMANE MANAGEME,2941
POSTMASBURG AREA,LOHATLHA DEPT.SIDING S.A FREIG,1446
POSTMASBURG AREA,MAMATHWANE SDG.SAMANCOR LIMITED 1,1266
POSTMASBURG AREA,HOTAZEL SDG.SOUTH 32 MANGANESE,827
POSTMASBURG AREA,MAMATHWANE SDG.UNITED MANGANES,603
POSTMASBURG AREA,POSTMASBURG DEPT.SIDING SEDIBE,487
POSTMASBURG AREA,MAMATHWANE SDG.TSHIPI E NTLE MANGANESE,339
PRETCON CONT.AREA,WALTLOO SDG.FORD MOTOR CO,252
PRETORIA AREA,HERCULES SDG.PRETORIA PORTLAND,1671
PRETORIA AREA,PRETORIA-WES SDG.RUTO MILLS 1,719
PRETORIA AREA,ROSSLYN SDG. BMW SOUTH AFRICA,419
PRETORIA AREA,COR DELFOS SDG.ARCELORMITTAL S,314
PRETORIA AREA,ROSSLYN DEPT.SIDING VUKA MZANT,181
PRETORIA AREA,WALTLOO SDG.BP SOUTHERN AFRICA,18
PRETORIA AREA,KOEDOESPOORT DEPT.SIDING 8248,1
RICHARDS BAY AREA,RICHARDS BAY HARBOUR COMBI TER,14082
RICHARDS BAY AREA,RICHARDS BAY HARBOUR TILTER TE,12454
RICHARDS BAY AREA,MANDLAZINI DEPT.SIDING UNATHIS,3155
RICHARDS BAY AREA,RICHARDS BAY SDG.NAVITRATE ROC,1896
RICHARDS BAY AREA,RICHARDS BAY HARBOUR BOTTOM DI,1884
RICHARDS BAY AREA,RICHARDS BAY SDG.BAYFIBRE CENT,1214
RICHARDS BAY AREA,FELIXTON SDG.TONGAAT HULETT SU,763
RICHARDS BAY AREA,RICHARDS BAY SDG.CENTRAL TIMBE,345
RICHARDS BAY AREA,RICHARDS BAY SDG.BRIARDALE TRA,292
RICHARDS BAY AREA,RICHARDS BAY HARBOUR BULK META,234
RICHARDS BAY AREA,RICHARDS BAY SDG.MONDI LIMITED,177
RICHARDS BAY AREA,RICHARDS BAY SDG.WOODCHIPS NCT,177
RICHARDS BAY AREA,RICHARDS BAY SDG.RCB IRON AND,172
RICHARDS BAY AREA,RICHARDS BAY SDG.FOSKOR LIMITE,134
RICHARDS BAY AREA,MANDINI SDG.SAPPI KRAFT,107
RICHARDS BAY AREA,RICHARDS BAY HARBOUR WAGON LOA,81
RICHARDS BAY AREA,RICHARDS BAY SDG.CITY COUNCIL,29
RICHARDS BAY AREA,RICHARDS BAY SDG.SEAMUNYE PORT,20
RICHARDS BAY AREA,NSELENI,13
RICHARDS BAY AREA,RICHARDS BAY DEPT.SIDING 8582,8
RICHARDS BAY AREA,NKWALINI,5
RICHARDS BAY AREA,DUMEZWENI,5
RICHARDS BAY AREA,GOLELA,4
RICHARDS BAY AREA,BEDLANE,3
RICHARDS BAY AREA,MAGUZULA,3
RICHARDS BAY AREA,MEVAMHLOPE,3
RICHARDS BAY AREA,MGANU,1
RICHARDS BAY AREA,EMPANGENI DEPT.SIDING 8493,1
RICHARDS BAY COAL AREA,RICHARDS BAY SDG ISLAND VIEW BULK STORAG,266
RICHARDS BAY COAL AREA,RICHARDS BAY HARBOUR COAL TERMINAL,58
RICHARDS BAY COAL AREA,ULUNDI,45
RUSTENBURG AREA,RUSTENBURG,7574
RUSTENBURG AREA,NORITE SDG.XSTRATA,2229
RUSTENBURG AREA,BLESKOP SDG.BLESKOP RAIL AND L,1210
RUSTENBURG AREA,RUSTENBURG SDG.XSTRATA AFRICA PTY LTD,956
RUSTENBURG AREA,MARIKANA,856
RUSTENBURG AREA,BOSHOEK SDG.XSTRATA SOUTH AFRI,589
RUSTENBURG AREA,PENDORING,574
RUSTENBURG AREA,RUSTENBURG SDG.BP SOUTHERN AFRICA,114
RUSTENBURG AREA,TURFGROND SDG.SAMANCOR LIMITED,43
RUSTENBURG AREA,BRITS SDG.MAGALIESBURGSE GRAAN,2
SALKOR AREA,KNAPP SDG.ASSMANG LIMITED,46744
SALKOR AREA,SISHEN PRO (ERTS),39602
SALKOR AREA,VROLIK SDG.SISHEN IRON ORE,37557
SALKOR AREA,SALDANHA HARBOUR POTTERKOM,853
SALKOR AREA,SALKOR SDG.NAMAKWA SANDS LTD,567
SALKOR AREA,SALKOR SDG.YSTERVARK ORE,472
SALKOR AREA,SALKOR PRECAST SIDING,369
SALKOR AREA,SAGGIESBERG,97
SALKOR AREA,HALFWEG,63
SALKOR AREA,KREEFBAAI,59
SALKOR AREA,SOUS,54
SALKOR AREA,VROLIK,14
SALKOR AREA,KENHARDT,1
SENTRARAND AREA,SENTRARAND DEPT.SIDING 8724,19
SENTRARAND AREA,SENTRARAND,12
SPRINGS AREA,TRICHARDT SDG.SASOL OIL,550
SPRINGS AREA,BRAKPAN SDG.AFRISAM SOUTH AFRI,202
SPRINGS AREA,SPRINGS,12
SPRINGS AREA,TRICHARDT SDG.SASOL CHEMICALS,10
SPRINGS AREA,NIGEL SDG.EASIGAS PTY LTD,2
SPRINGS AREA,TRICHARDT SDG.POLIFIN LIMITED,1
THABAZIMBI AREA,LEPHALALE SDG.EXXARO COAL PTY,2396
THABAZIMBI AREA,DWAALBOOM SDG.PPC LIME LIMITED,2052
THABAZIMBI AREA,TUSSENIN SDG.ANGLO AMERICAN PL,1398
THABAZIMBI AREA,KILKENNY SDG.RUSTENBURG PLATIN,223
THABAZIMBI AREA,NORTHAM,80
VAALCON CONT.AREA,VAALCON (CX),246
VEREENIGING AREA,BIJLKOR SDG.ARCELORMITTAL S.A,10280
VEREENIGING AREA,VEREENIGING SDG.VEREENIGING REFRACTORIES,637
VEREENIGING AREA,SASOLBURG SDG.OMNIA GROUP PTY,365
VEREENIGING AREA,SASOLBURG SDG.SASOL CHEMICAL I,239
VEREENIGING AREA,SASOLBURG SDG.BUTAMOL LIMITED,177
VEREENIGING AREA,LEEUHOF SDG.PREMIER FOOD,80
VEREENIGING AREA,BLOEMHOF,35
VEREENIGING AREA,SASOLBURG SDG.SENMIN INTERNATI,25
VEREENIGING AREA,SASOLBURG OPERATIONAL,9
VEREENIGING AREA,SASOLBURG SDG.SAFRIPOL PTY LTD,7
VEREENIGING AREA,BLOEMHOF SDG.SUIDWES LANDBOU,2
VEREENIGING AREA,KINGSWOOD SDG.SUIDWES LANDBOU,1
VRYHEID AREA,VRYHEID SDG.NGUNI MINING PTY L,240
VRYHEID AREA,PIET RETIEF SDG.JINDAL MINING,190
VRYHEID AREA,WILDRAND,79
VRYHEID AREA,HLUNGWANA,39
VRYHEID AREA,MKONDO,15
VRYHEID AREA,MQWABE,12
VRYHEID AREA,COMMONDALE,12
VRYHEID AREA,VRYHEID,10
VRYHEID AREA,VRYHEID DEPT.SIDING 8384,10
VRYHEID AREA,PAULPIETERSBURG,4
VRYHEID AREA,VRYHEID OOS DEPT.SIDING 8536,3
VRYHEID AREA,ISWEPE,1
WELGEDAG AREA,GROOTVLEI SDG.ESKOM,7398
WELGEDAG AREA,STANDERTON SDG.TUTUKA ESKOM HO,400
WELGEDAG AREA,ARBOR SDG.GIJIMA SUPPLY MANAGE,151
WELGEDAG AREA,HAWERKLIP,142
WELGEDAG AREA,DELMAS SDG.EXXARO COAL PTY LTD,36
WITBANK AREA,WITBANK SDG.SAMANCOR FERROMETA,3590
WITBANK AREA,MIDDELBURG SDG.SAMANCOR LIMITE,3173
WITBANK AREA,STEELPOORT,1976
WITBANK AREA,CLEWER SDG.HIGHVELD STEEL CORP,1120
WITBANK AREA,FORFAR SDG.MS RAIL,997
WITBANK AREA,STEELPOORT SDG.SAMANCOR LIMITED,637
WITBANK AREA,UITKYK,317
WITBANK AREA,STEELPOORT SDG.SAMANCOR LIMITE,175
WITBANK AREA,CLEWER SDG.TRANSALLOYWS PTY LT,171
WITBANK AREA,LYDENBURG SDG.XSTRATA,85
WITBANK AREA,PAN,78
WITBANK AREA,SUNBURY,65
WITBANK AREA,BELFAST,26
WITBANK AREA,LYDENBURG LOCO,5
WITBANK AREA,CLEWER OPERATIONAL,4
WITBANK AREA,LYDENBURG,1
WORCESTOR AREA,WORCESTER SDG.RCL FOODS SUGAR,195
WORCESTOR AREA,GEORGE SDG.PRETORIA PORTLAND CEMENT LTD,20
WORCESTOR AREA,KARRINGMELK SDG.SENTRAAL SUID KOOPERASIE,20
WORCESTOR AREA,LAINGSBURG,13
WORCESTOR AREA,WORCESTER DEPT.SIDING 8767,10
WORCESTOR AREA,SWELLENDAM SDG.SENTRAAL SUID K,10
WORCESTOR AREA,GEORGE,7
WORCESTOR AREA,VOORBAAI LOCO/DEPOT,4
WORCESTOR AREA,VOORBAAI TERREIN,2
